{"PEs": 90, "MEMs": 6, "Ponds": 0, "IOs": 4, "Regs": 0, "pe_ratio": 0.8333333333333334, "mem_ratio": 0.16666666666666666, "io_ratio": 0.16666666666666666}